SellerID,AssignedTasks,CompletedTasks,ApprovedTasks,RejectedTasks,SubmittedProofs,AvgCompletionTime,TrustScore,SuccessRate,CompletionRatio,ProofValidityRate,SpeedScore,AuditRetentionRate,PerformanceScore,FinalReputationScore,Rating,RatingLabel
S040,92,81,73,8,81,1.3,90.39,0.9012,0.8804,0.992,1,0.9857,94.24,93.08,5,5 Star
S080,112,109,102,7,109,2.75,96.3,0.9358,0.9732,0.8863,1,0.9942,95.72,95.89,5,5 Star
S426,68,35,13,22,35,7.29,37.4,0.3714,0.5147,0.3968,0.5487,0.42,44.02,42.03,2,2 Star
S171,139,117,99,18,117,2.09,81.49,0.8462,0.8417,0.9058,1,0.8859,88.53,86.42,5,5 Star
S283,97,70,53,17,70,4.71,53.82,0.7571,0.7216,0.7163,0.8493,0.5526,71.68,66.32,3,3 Star
S263,58,42,25,17,42,5.79,64.35,0.5952,0.7241,0.7111,0.6908,0.5939,65.24,64.97,3,3 Star
S342,96,36,15,21,36,11.68,41.28,0.4167,0.375,0.4002,0.3425,0.4285,39.71,40.18,2,2 Star
S285,130,94,66,28,94,6.05,66.23,0.7021,0.7231,0.7663,0.6612,0.6345,69.63,68.61,3,3 Star
S190,71,59,48,11,59,3.62,63.53,0.8136,0.831,0.8309,1,0.8784,86.06,79.3,4,4 Star
S362,96,36,16,20,36,7.11,34.71,0.4444,0.375,0.5089,0.5626,0.5234,47.37,43.57,2,2 Star
S244,43,24,18,6,24,6.58,57.96,0.75,0.5581,0.6109,0.6079,0.5985,63.91,62.12,3,3 Star
S366,48,20,8,12,20,9.23,25.77,0.4,0.4167,0.3921,0.4334,0.4643,42.0,37.13,1,1 Star
S329,78,45,27,18,45,6.84,66.36,0.6,0.5769,0.6395,0.5848,0.7562,63.03,64.03,3,3 Star
S417,45,17,9,8,17,6.65,30.84,0.5294,0.3778,0.3764,0.6015,0.4624,47.35,42.4,2,2 Star
S110,94,77,63,14,77,2.28,75.99,0.8182,0.8191,0.728,1,0.8064,82.98,80.88,4,4 Star
S112,157,134,103,31,134,2.14,62.41,0.7687,0.8535,0.8713,1,0.8141,84.48,77.86,4,4 Star
S208,125,93,75,18,93,5.31,70.99,0.8065,0.744,0.7644,0.7533,0.8102,78.04,75.92,4,4 Star
S488,48,12,4,8,12,22.69,21.4,0.3333,0.25,0.3016,0.1763,0.2522,27.21,25.47,1,1 Star
S042,147,129,126,3,129,1.4,95.76,0.9767,0.8776,0.9596,1,0.9927,96.1,96.0,5,5 Star
S063,101,96,87,9,96,2.49,95.51,0.9062,0.9505,0.9543,1,0.8912,93.33,93.98,5,5 Star
S289,104,62,41,21,62,4.16,57.6,0.6613,0.5962,0.7465,0.9615,0.6516,70.41,66.57,3,3 Star
S464,56,6,1,5,6,15.56,27.32,0.1667,0.1071,0.1978,0.2571,0.1829,17.62,20.53,1,1 Star
S073,132,121,113,8,121,0.69,79.41,0.9339,0.9167,0.9799,1,0.9267,94.58,90.03,5,5 Star
S383,41,14,7,7,14,10.36,41.61,0.5,0.3415,0.5388,0.3861,0.4573,44.85,43.88,2,2 Star
S023,107,106,102,4,106,2.57,87.31,0.9623,0.9907,0.9656,1,0.9279,96.72,93.9,5,5 Star
S459,42,7,1,6,7,15.42,29.12,0.1429,0.1667,0.2568,0.2594,0.3897,23.16,24.95,1,1 Star
S126,108,86,73,13,86,4.87,71.46,0.8488,0.7963,0.9162,0.8214,0.8191,83.84,80.13,4,4 Star
S062,121,113,105,8,113,1.14,91.35,0.9292,0.9339,0.9368,1,0.9881,95.37,94.16,5,5 Star
S423,100,58,21,37,58,9.52,35.01,0.3621,0.58,0.5794,0.4202,0.3687,44.83,41.88,2,2 Star
S301,104,80,48,32,80,7.17,46.3,0.6,0.7692,0.6825,0.5579,0.6828,65.65,59.84,3,3 Star
S016,200,176,170,6,176,2.55,90.17,0.9659,0.88,0.9444,1,0.912,93.98,92.84,5,5 Star
S485,14,3,1,2,3,10.79,8.96,0.3333,0.2143,0.3572,0.3707,0.343,32.06,25.13,1,1 Star
S388,39,22,11,11,22,8.65,30.33,0.5,0.5641,0.4043,0.4624,0.5741,50.76,44.63,2,2 Star
S153,147,116,104,12,116,4.26,63.99,0.8966,0.7891,0.7321,0.939,0.7752,83.25,77.47,4,4 Star
S315,112,83,55,28,83,6.12,50.29,0.6627,0.7411,0.7075,0.6536,0.6092,67.3,62.2,3,3 Star
S147,93,77,68,9,77,5.29,76.98,0.8831,0.828,0.7417,0.7561,0.7668,80.86,79.7,4,4 Star
S261,128,88,60,28,88,4.56,61.68,0.6818,0.6875,0.7008,0.8772,0.7736,73.35,69.85,3,3 Star
S156,89,69,51,18,69,5.15,78.26,0.7391,0.7753,0.7206,0.7767,0.8917,77.97,78.06,4,4 Star
S022,96,85,79,6,85,2.15,89.72,0.9294,0.8854,0.9118,1,0.9847,93.96,92.69,5,5 Star
S452,8,1,1,0,1,12.66,13.03,1.0,0.125,0.3092,0.316,0.3166,48.21,37.66,1,1 Star
S160,138,100,87,13,100,5.03,66.43,0.87,0.7246,0.8243,0.7952,0.8116,81.12,76.71,4,4 Star
S092,123,112,106,6,112,3.14,95.55,0.9464,0.9106,0.9467,1,0.942,94.64,94.91,5,5 Star
S450,15,5,1,4,5,11.05,2.23,0.2,0.3333,0.3826,0.362,0.3934,31.7,22.86,1,1 Star
S009,199,191,169,22,191,2.4,83.87,0.8848,0.9598,0.9441,1,0.9094,93.09,90.32,5,5 Star
S017,94,86,77,9,86,0.51,92.1,0.8953,0.9149,0.9667,1,0.9664,93.99,93.42,5,5 Star
S231,71,54,30,24,54,4.24,59.94,0.5556,0.7606,0.6691,0.9434,0.7601,71.27,67.87,3,3 Star
S018,177,159,157,2,159,3.11,99.38,0.9874,0.8983,0.9158,1,0.9567,95.46,96.64,5,5 Star
S186,79,68,57,11,68,2.62,65.47,0.8382,0.8608,0.8746,1,0.8188,86.86,80.44,4,4 Star
S003,163,157,146,11,157,1.85,82.37,0.9299,0.9632,0.9134,1,0.9843,95.55,91.6,5,5 Star
S220,68,58,52,6,58,2.13,78.23,0.8966,0.8529,0.7603,1,0.8782,87.92,85.01,5,5 Star
S224,103,65,47,18,65,4.57,56.41,0.7231,0.6311,0.569,0.8753,0.6476,68.93,65.17,3,3 Star
S233,57,42,27,15,42,7.09,49.6,0.6429,0.7368,0.6524,0.5642,0.5702,63.68,59.46,3,3 Star
S065,188,182,170,12,182,3.16,88.45,0.9341,0.9681,0.9491,1,0.9662,95.95,93.7,5,5 Star
S478,29,3,1,2,3,20.92,8.55,0.3333,0.1034,0.1643,0.1912,0.1664,20.73,17.08,1,1 Star
S125,149,114,90,24,114,5.0,79.39,0.7895,0.7651,0.8022,0.8,0.7836,78.69,78.9,4,4 Star
S322,52,34,20,14,34,5.98,47.46,0.5882,0.6538,0.6081,0.6689,0.6315,62.51,57.99,3,3 Star
S044,167,159,144,15,159,1.97,85.54,0.9057,0.9521,0.9886,1,0.9815,95.67,92.63,5,5 Star
S182,81,71,59,12,71,4.91,81.32,0.831,0.8765,0.904,0.8147,0.7376,82.99,82.49,4,4 Star
S232,73,51,30,21,51,5.95,47.71,0.5882,0.6986,0.7096,0.6723,0.7797,67.94,61.87,3,3 Star
S095,150,141,131,10,141,2.74,86.12,0.9291,0.94,0.9197,1,0.9643,94.75,92.16,5,5 Star
S440,37,21,11,10,21,8.62,32.54,0.5238,0.5676,0.5098,0.464,0.4718,51.11,45.54,2,2 Star
S381,78,27,15,12,27,7.21,28.95,0.5556,0.3462,0.5221,0.5548,0.383,47.41,41.87,2,2 Star
S202,80,60,51,9,60,4.19,69.53,0.85,0.75,0.9005,0.9547,0.8642,85.61,80.79,4,4 Star
S331,69,51,32,19,51,6.58,47.25,0.6275,0.7391,0.7696,0.6079,0.6412,67.09,61.14,3,3 Star
S346,72,37,14,23,37,7.82,42.32,0.3784,0.5139,0.4132,0.5115,0.3885,43.27,42.98,2,2 Star
S181,133,107,85,22,107,4.24,79.24,0.7944,0.8045,0.7779,0.9434,0.801,81.76,81.0,4,4 Star
S430,92,43,19,24,43,7.08,37.12,0.4419,0.4674,0.4297,0.565,0.4048,45.62,43.07,2,2 Star
S307,66,41,23,18,41,5.3,50.59,0.561,0.6212,0.6353,0.7547,0.6732,63.57,59.68,3,3 Star
S120,75,63,47,16,63,5.26,64.27,0.746,0.84,0.7784,0.7605,0.8611,79.49,74.92,4,4 Star
S166,79,67,54,13,67,2.32,67.1,0.806,0.8481,0.7371,1,0.8064,83.33,78.46,4,4 Star
S209,63,50,39,11,50,3.31,68.99,0.78,0.7937,0.7972,1,0.7363,80.96,77.37,4,4 Star
S397,46,27,10,17,27,7.96,37.78,0.3704,0.587,0.4966,0.5025,0.5408,48.65,45.39,2,2 Star
S271,101,60,44,16,60,4.58,50.9,0.7333,0.5941,0.6793,0.8734,0.6125,69.42,63.86,3,3 Star
S227,95,58,44,14,58,7.29,59.14,0.7586,0.6105,0.5673,0.5487,0.6966,65.64,63.69,3,3 Star
S338,71,48,28,20,48,5.02,57.87,0.5833,0.6761,0.5819,0.7968,0.6193,64.09,62.22,3,3 Star
S183,91,73,58,15,73,2.28,78.89,0.7945,0.8022,0.8941,1,0.8692,85.67,83.64,4,4 Star
S299,42,25,14,11,25,5.88,59.14,0.56,0.5952,0.6527,0.6803,0.7046,62.79,61.69,3,3 Star
S098,92,90,82,8,90,1.58,84.23,0.9111,0.9783,0.9163,1,0.965,94.94,91.73,5,5 Star
S439,66,38,16,22,38,11.65,38.16,0.4211,0.5758,0.4489,0.3433,0.3753,43.54,41.93,2,2 Star
S199,114,93,67,26,93,3.08,74.92,0.7204,0.8158,0.9102,1,0.7883,82.35,80.12,4,4 Star
S050,100,99,96,3,99,3.14,83.21,0.9697,0.99,0.883,1,0.9684,96.5,92.51,5,5 Star
S084,93,88,87,1,88,2.23,99.22,0.9886,0.9462,0.989,1,0.925,96.92,97.61,5,5 Star
S029,131,126,122,4,126,0.83,80.17,0.9683,0.9618,0.903,1,0.9444,95.72,91.05,5,5 Star
S072,194,183,164,19,183,1.19,85.39,0.8962,0.9433,0.9633,1,0.9648,94.5,91.77,5,5 Star
S438,61,22,8,14,22,10.23,46.11,0.3636,0.3607,0.3854,0.391,0.3777,37.32,39.96,1,1 Star
S114,102,79,58,21,79,2.56,68.96,0.7342,0.7745,0.8023,1,0.8191,80.93,77.34,4,4 Star
S235,130,99,68,31,99,6.67,48.62,0.6869,0.7615,0.667,0.5997,0.5779,66.4,61.07,3,3 Star
S133,107,86,66,20,86,3.44,67.87,0.7674,0.8037,0.8564,1,0.756,82.06,77.8,4,4 Star
S436,59,23,8,15,23,6.34,37.31,0.3478,0.3898,0.5004,0.6309,0.355,42.3,40.8,2,2 Star
S070,100,96,89,7,96,1.28,87.81,0.9271,0.96,0.9097,1,0.9565,94.79,92.7,5,5 Star
S158,160,122,95,27,122,2.61,69.16,0.7787,0.7625,0.7305,1,0.8683,81.93,78.1,4,4 Star
S038,120,119,107,12,119,2.65,90.43,0.8992,0.9917,0.9086,1,0.9275,93.99,92.92,5,5 Star
S466,41,11,3,8,11,23.16,4.49,0.2727,0.2683,0.3775,0.1727,0.2688,27.18,20.37,1,1 Star
S408,28,15,8,7,15,10.64,48.85,0.5333,0.5357,0.4277,0.3759,0.3716,46.2,47.0,2,2 Star
S278,78,53,30,23,53,7.43,45.86,0.566,0.6795,0.6154,0.5384,0.7775,63.43,58.16,3,3 Star
S265,47,33,22,11,33,5.74,65.07,0.6667,0.7021,0.7796,0.6969,0.66,69.39,68.09,3,3 Star
S148,131,102,85,17,102,4.27,62.5,0.8333,0.7786,0.8471,0.9368,0.8129,83.59,77.26,4,4 Star
S146,106,78,62,16,78,2.93,78.09,0.7949,0.7358,0.7447,1,0.7937,80.61,79.85,4,4 Star
S468,35,3,1,2,3,12.01,17.16,0.3333,0.0857,0.2826,0.3331,0.3081,27.11,24.12,1,1 Star
S487,29,9,2,7,9,23.93,12.56,0.2222,0.3103,0.3448,0.1672,0.203,24.61,20.99,1,1 Star
S415,70,25,12,13,25,8.61,28.34,0.48,0.3571,0.5911,0.4646,0.4092,45.56,40.39,2,2 Star
S277,90,65,38,27,65,6.5,67.93,0.5846,0.7222,0.7506,0.6154,0.6166,64.8,65.74,3,3 Star
S008,128,116,110,6,116,1.59,97.06,0.9483,0.9062,0.9244,1,0.9051,93.54,94.6,5,5 Star
S249,58,33,20,13,33,5.04,55.34,0.6061,0.569,0.6915,0.7937,0.6071,63.98,61.39,3,3 Star
S499,5,1,1,0,1,19.71,0.54,1.0,0.2,0.2033,0.2029,0.1387,42.87,30.17,1,1 Star
S257,91,60,33,27,60,4.05,58.86,0.55,0.6593,0.6266,0.9877,0.659,67.08,64.61,3,3 Star
S187,157,131,112,19,131,5.09,77.09,0.855,0.8344,0.8486,0.7859,0.9173,85.2,82.77,4,4 Star
S004,100,96,88,8,96,0.97,94.69,0.9167,0.96,0.9949,1,0.9204,95.03,94.93,5,5 Star
S237,56,38,21,17,38,4.74,67.61,0.5526,0.6786,0.7799,0.8439,0.7153,68.81,68.45,3,3 Star
S316,122,87,57,30,87,6.43,63.9,0.6552,0.7131,0.631,0.6221,0.5822,64.36,64.22,3,3 Star
S279,103,77,44,33,77,5.52,57.5,0.5714,0.7476,0.6128,0.7246,0.736,66.88,64.07,3,3 Star
S404,93,48,18,30,48,10.44,44.33,0.375,0.5161,0.3506,0.3831,0.5647,43.87,44.01,2,2 Star
S412,68,38,20,18,38,6.62,33.38,0.5263,0.5588,0.4825,0.6042,0.4095,51.46,46.04,2,2 Star
S476,12,3,1,2,3,16.84,11.91,0.3333,0.25,0.2338,0.2375,0.3882,29.83,24.45,1,1 Star
S113,95,71,59,12,71,4.22,75.03,0.831,0.7474,0.8183,0.9479,0.7382,81.14,79.31,4,4 Star
S037,193,183,173,10,183,0.62,80.64,0.9454,0.9482,0.8898,1,0.9589,94.85,90.59,5,5 Star
S493,37,5,1,4,5,17.42,26.68,0.2,0.1351,0.2239,0.2296,0.3613,22.73,23.91,1,1 Star
S377,94,32,17,15,32,10.4,37.2,0.5312,0.3404,0.5327,0.3846,0.4646,45.8,43.22,2,2 Star
S275,76,53,40,13,53,3.86,51.61,0.7547,0.6974,0.6821,1,0.6731,75.28,68.18,3,3 Star
S287,108,79,58,21,79,6.55,65.99,0.7342,0.7315,0.7065,0.6107,0.687,70.15,68.9,3,3 Star
S293,48,37,24,13,37,4.65,66.5,0.6486,0.7708,0.5914,0.8602,0.5811,68.27,67.74,3,3 Star
S137,98,74,58,16,74,3.69,67.0,0.7838,0.7551,0.7674,1,0.8344,81.82,77.37,4,4 Star
S167,107,94,78,16,94,4.05,76.89,0.8298,0.8785,0.8323,0.9877,0.7859,85.48,82.9,4,4 Star
S467,23,8,2,6,8,22.29,3.03,0.25,0.3478,0.1792,0.1795,0.2964,25.76,18.94,1,1 Star
S272,115,69,38,31,69,7.12,47.51,0.5507,0.6,0.6019,0.5618,0.6036,58.05,54.89,2,2 Star
S074,169,149,146,3,149,2.23,94.94,0.9799,0.8817,0.9372,1,0.9931,95.95,95.65,5,5 Star
S175,66,49,42,7,49,2.17,73.92,0.8571,0.7424,0.7363,1,0.8086,82.78,80.12,4,4 Star
S123,60,46,35,11,46,4.05,72.15,0.7609,0.7667,0.9198,0.9877,0.8179,83.13,79.84,4,4 Star
S327,74,41,23,18,41,7.2,58.04,0.561,0.5541,0.7568,0.5556,0.6796,61.19,60.24,3,3 Star
S221,80,61,40,21,61,7.46,65.37,0.6557,0.7625,0.6749,0.5362,0.6083,65.25,65.29,3,3 Star
S282,125,71,55,16,71,5.41,46.99,0.7746,0.568,0.7652,0.7394,0.5516,68.2,61.84,3,3 Star
S129,103,87,69,18,87,2.28,81.38,0.7931,0.8447,0.7857,1,0.8549,84.57,83.61,4,4 Star
S264,93,54,38,16,54,5.14,55.14,0.7037,0.5806,0.7282,0.7782,0.7617,70.55,65.93,3,3 Star
S034,164,158,141,17,158,1.39,95.23,0.8924,0.9634,0.9962,1,0.9495,94.97,95.05,5,5 Star
S089,158,154,145,9,154,1.95,92.31,0.9416,0.9747,0.9323,1,0.9677,96.08,94.95,5,5 Star
S270,58,35,21,14,35,6.36,52.94,0.6,0.6034,0.6297,0.6289,0.6517,61.98,59.27,3,3 Star
S491,52,18,4,14,18,22.42,10.66,0.2222,0.3462,0.2115,0.1784,0.2757,24.95,20.66,1,1 Star
S367,83,40,15,25,40,6.69,43.56,0.375,0.4819,0.5438,0.5979,0.5558,49.13,47.46,2,2 Star
S189,105,86,67,19,86,3.58,73.83,0.7791,0.819,0.7314,1,0.8863,83.45,80.56,4,4 Star
S288,107,69,49,20,69,3.81,63.11,0.7101,0.6449,0.6798,1,0.5642,70.68,68.41,3,3 Star
S324,50,35,26,9,35,6.54,60.73,0.7429,0.7,0.5715,0.6116,0.6372,66.78,64.96,3,3 Star
S375,70,33,16,17,33,7.61,45.71,0.4848,0.4714,0.4536,0.5256,0.463,47.92,47.26,2,2 Star
S437,62,35,14,21,35,6.78,36.95,0.4,0.5645,0.5292,0.59,0.5797,51.67,47.25,2,2 Star
S201,154,138,100,38,138,3.18,77.42,0.7246,0.8961,0.8733,1,0.7462,82.68,81.1,4,4 Star
S242,110,67,46,21,67,5.96,49.51,0.6866,0.6091,0.5715,0.6711,0.6974,65.37,60.61,3,3 Star
S177,146,122,100,22,122,3.08,67.66,0.8197,0.8356,0.7641,1,0.9169,86.1,80.57,4,4 Star
S076,108,101,92,9,101,1.96,91.27,0.9109,0.9352,0.9267,1,0.9603,94.14,93.28,5,5 Star
S421,42,15,6,9,15,8.71,31.5,0.4,0.3571,0.537,0.4592,0.4125,42.34,39.09,1,1 Star
S410,83,49,26,23,49,10.39,39.79,0.5306,0.5904,0.4866,0.385,0.549,51.78,48.18,2,2 Star
S355,41,23,12,11,23,9.1,41.2,0.5217,0.561,0.488,0.4396,0.4327,49.44,46.97,2,2 Star
S443,41,8,3,5,8,23.51,21.06,0.375,0.1951,0.1097,0.1701,0.2807,24.96,23.79,1,1 Star
S108,129,98,73,25,98,2.93,70.5,0.7449,0.7597,0.7484,1,0.7319,78.4,76.03,4,4 Star
S099,85,84,79,5,84,2.59,80.78,0.9405,0.9882,0.8952,1,0.9842,96.09,91.5,5,5 Star
S341,99,44,24,20,44,8.64,34.89,0.5455,0.4444,0.4577,0.463,0.5559,50.18,45.59,2,2 Star
S407,35,16,9,7,16,7.08,39.29,0.5625,0.4571,0.5511,0.565,0.5954,54.67,50.06,2,2 Star
S490,40,13,2,11,13,19.52,21.76,0.1538,0.325,0.2007,0.2049,0.1268,19.73,20.34,1,1 Star
S100,191,168,153,15,168,1.94,88.8,0.9107,0.8796,0.9209,1,0.9959,93.64,92.19,5,5 Star
S027,153,145,131,14,145,1.92,98.58,0.9034,0.9477,0.9288,1,0.8913,92.81,94.54,5,5 Star
S309,125,84,55,29,84,6.98,62.52,0.6548,0.672,0.6266,0.5731,0.7701,66.48,65.29,3,3 Star
S045,134,131,115,16,131,1.5,80.03,0.8779,0.9776,0.8957,1,0.9976,94.28,90.0,5,5 Star
S364,65,38,17,21,38,7.17,26.34,0.4474,0.5846,0.446,0.5579,0.4904,49.98,42.89,2,2 Star
S427,24,12,6,6,12,9.88,47.09,0.5,0.5,0.4747,0.4049,0.5707,49.61,48.85,2,2 Star
S246,127,81,52,29,81,6.25,56.11,0.642,0.6378,0.5864,0.64,0.6456,63.32,61.16,3,3 Star
S280,98,68,48,20,68,3.56,52.61,0.7059,0.6939,0.6275,1,0.6179,71.83,66.06,3,3 Star
S150,128,95,77,18,95,4.35,63.94,0.8105,0.7422,0.8686,0.9195,0.9092,84.16,78.09,4,4 Star
S111,92,66,50,16,66,4.36,68.45,0.7576,0.7174,0.8921,0.9174,0.8374,80.97,77.21,4,4 Star
S142,64,53,45,8,53,2.32,77.77,0.8491,0.8281,0.779,1,0.8695,86.11,83.61,4,4 Star
S013,111,107,101,6,107,2.74,83.83,0.9439,0.964,0.9314,1,0.95,95.57,92.05,5,5 Star
S370,35,19,7,12,19,10.86,35.98,0.3684,0.5429,0.497,0.3683,0.4377,43.64,41.34,2,2 Star
S390,30,12,6,6,12,10.33,31.92,0.5,0.4,0.4212,0.3872,0.5853,46.83,42.36,2,2 Star
S304,84,64,45,19,64,6.64,56.4,0.7031,0.7619,0.6233,0.6024,0.6458,67.63,64.26,3,3 Star
S035,175,160,141,19,160,1.93,89.93,0.8812,0.9143,0.9903,1,0.9437,93.45,92.39,5,5 Star
S441,50,19,5,14,19,23.0,9.52,0.2632,0.38,0.3361,0.1739,0.167,26.49,21.4,1,1 Star
S179,155,124,92,32,124,3.86,62.15,0.7419,0.8,0.766,1,0.8317,81.38,75.61,4,4 Star
S218,140,103,86,17,103,4.65,76.66,0.835,0.7357,0.7467,0.8602,0.7905,79.68,78.77,4,4 Star
S469,26,7,1,6,7,16.65,1.16,0.1429,0.2692,0.1806,0.2402,0.2117,20.22,14.5,1,1 Star
S297,99,69,46,23,69,5.63,67.51,0.6667,0.697,0.7394,0.7105,0.6069,67.83,67.73,3,3 Star
S032,132,123,111,12,123,1.7,83.2,0.9024,0.9318,0.887,1,0.9255,92.52,89.72,5,5 Star
S151,155,134,120,14,134,4.29,70.38,0.8955,0.8645,0.8867,0.9324,0.8431,88.3,82.92,4,4 Star
S497,13,3,1,2,3,15.65,23.39,0.3333,0.2308,0.3896,0.2556,0.215,28.59,27.03,1,1 Star
S418,35,16,9,7,16,7.25,32.85,0.5625,0.4571,0.4271,0.5517,0.4163,49.02,44.17,2,2 Star
S204,128,98,89,9,98,4.75,70.98,0.9082,0.7656,0.9008,0.8421,0.7588,83.88,80.01,4,4 Star
S460,35,9,1,8,9,14.18,20.61,0.1111,0.2571,0.2184,0.2821,0.3562,23.11,22.36,1,1 Star
S196,79,62,51,11,62,2.49,74.05,0.8226,0.7848,0.79,1,0.9135,85.49,82.06,4,4 Star
S484,22,6,2,4,6,13.66,1.92,0.3333,0.2727,0.3133,0.2928,0.3677,31.9,22.91,1,1 Star
S200,84,64,47,17,64,2.27,77.32,0.7344,0.7619,0.8889,1,0.7402,80.41,79.48,4,4 Star
S192,117,86,77,9,86,3.2,81.15,0.8953,0.735,0.8629,1,0.8209,85.92,84.49,4,4 Star
S118,96,77,66,11,77,2.42,72.98,0.8571,0.8021,0.9146,1,0.8418,87.31,83.01,4,4 Star
S453,21,6,1,5,6,11.34,21.9,0.1667,0.2857,0.2179,0.3527,0.2649,24.57,23.77,1,1 Star
S101,121,89,65,24,89,3.72,67.05,0.7303,0.7355,0.8354,1,0.8573,81.3,77.02,4,4 Star
S374,55,31,11,20,31,11.2,47.97,0.3548,0.5636,0.4124,0.3571,0.5278,44.01,45.2,2,2 Star
S298,75,44,33,11,44,6.56,52.96,0.75,0.5867,0.5574,0.6098,0.7018,65.78,61.93,3,3 Star
S051,199,184,176,8,184,2.71,85.31,0.9565,0.9246,0.9098,1,0.8991,93.82,91.27,5,5 Star
S157,76,62,54,8,62,2.38,64.89,0.871,0.8158,0.8933,1,0.7464,85.77,79.51,4,4 Star
S066,131,119,114,5,119,0.52,86.45,0.958,0.9084,0.9701,1,0.9724,95.91,93.07,5,5 Star
S409,67,26,12,14,26,7.82,36.42,0.4615,0.3881,0.5057,0.5115,0.466,46.18,43.25,2,2 Star
S105,93,79,59,20,79,2.61,74.51,0.7468,0.8495,0.735,1,0.7205,79.83,78.23,4,4 Star
S363,42,20,9,11,20,6.84,41.13,0.45,0.4762,0.4286,0.5848,0.4628,47.48,45.57,2,2 Star
S345,23,13,6,7,13,10.25,44.19,0.4615,0.5652,0.4596,0.3902,0.4228,46.35,45.7,2,2 Star
S496,22,3,1,2,3,18.07,0.14,0.3333,0.1364,0.1475,0.2214,0.3356,24.97,17.52,1,1 Star
S036,145,128,115,13,128,2.29,79.25,0.8984,0.8828,0.961,1,0.9082,92.19,88.31,5,5 Star
S127,124,113,88,25,113,2.35,62.74,0.7788,0.9113,0.889,1,0.7399,84.72,78.13,4,4 Star
S043,94,92,89,3,92,0.97,80.95,0.9674,0.9787,0.9138,1,0.9053,95.41,91.07,5,5 Star
S474,38,13,1,12,13,12.7,23.42,0.0769,0.3421,0.3499,0.315,0.3511,26.14,25.32,1,1 Star
S326,52,39,29,10,39,4.42,52.62,0.7436,0.75,0.7573,0.905,0.7092,76.43,69.29,3,3 Star
S180,105,77,68,9,77,2.15,75.36,0.8831,0.7333,0.7237,1,0.9042,85.1,82.18,4,4 Star
S096,112,101,97,4,101,1.45,83.96,0.9604,0.9018,0.9691,1,0.9941,96.27,92.58,5,5 Star
S308,46,28,19,9,28,5.91,64.08,0.6786,0.6087,0.7509,0.6768,0.5933,65.81,65.29,3,3 Star
S141,144,123,91,32,123,2.34,76.42,0.7398,0.8542,0.8455,1,0.7279,81.52,79.99,4,4 Star
S075,129,126,125,1,126,1.76,84.57,0.9921,0.9767,0.9697,1,0.9455,97.75,93.8,5,5 Star
S448,39,8,2,6,8,21.04,11.36,0.25,0.2051,0.2734,0.1901,0.3275,25.1,20.98,1,1 Star
S163,108,99,81,18,99,3.59,76.24,0.8182,0.9167,0.8411,1,0.7398,85.29,82.58,4,4 Star
S213,90,70,51,19,70,3.47,77.52,0.7286,0.7778,0.8788,1,0.8114,81.82,80.53,4,4 Star
S091,165,152,134,18,152,3.05,90.54,0.8816,0.9212,0.9018,1,0.9055,91.51,91.22,5,5 Star
S240,104,78,43,35,78,4.0,47.97,0.5513,0.75,0.5852,1,0.5879,67.08,61.35,3,3 Star
S300,71,51,32,19,51,4.44,65.06,0.6275,0.7183,0.6,0.9009,0.7487,70.68,68.99,3,3 Star
S386,33,12,5,7,12,7.8,34.58,0.4167,0.3636,0.4457,0.5128,0.5533,45.22,42.03,2,2 Star
S434,50,24,13,11,24,10.19,29.34,0.5417,0.48,0.5785,0.3925,0.3571,47.56,42.09,2,2 Star
S458,14,4,1,3,4,11.2,16.93,0.25,0.2857,0.2031,0.3571,0.2624,26.86,23.88,1,1 Star
S463,48,11,4,7,11,18.78,2.35,0.3636,0.2292,0.3502,0.213,0.1774,27.49,19.95,1,1 Star
S030,103,94,85,9,94,3.27,81.08,0.9043,0.9126,0.9332,1,0.9834,94.05,90.16,5,5 Star
S116,111,99,87,12,99,2.0,81.4,0.8788,0.8919,0.8939,1,0.8124,88.86,86.62,5,5 Star
S424,45,25,11,14,25,6.77,49.93,0.44,0.5556,0.5763,0.5908,0.5573,52.96,52.05,2,2 Star
S239,84,48,35,13,48,5.71,60.64,0.7292,0.5714,0.6852,0.7005,0.7266,68.62,66.23,3,3 Star
S351,86,42,21,21,42,7.33,30.55,0.5,0.4884,0.4435,0.5457,0.4658,48.92,43.41,2,2 Star
S348,73,35,19,16,35,8.16,48.01,0.5429,0.4795,0.5739,0.4902,0.4842,51.52,50.47,2,2 Star
S122,77,68,52,16,68,4.77,72.16,0.7647,0.8831,0.803,0.8386,0.9068,83.36,80.0,4,4 Star
S154,118,87,66,21,87,4.24,81.36,0.7586,0.7373,0.9142,0.9434,0.7301,79.97,80.39,4,4 Star
S318,125,70,38,32,70,4.05,64.47,0.5429,0.56,0.6951,0.9877,0.5656,64.04,64.17,3,3 Star
S197,110,82,70,12,82,2.3,75.97,0.8537,0.7455,0.8318,1,0.8487,84.97,82.27,4,4 Star
S336,97,65,43,22,65,3.91,49.31,0.6615,0.6701,0.5706,1,0.6775,70.36,64.04,3,3 Star
S284,128,77,54,23,77,5.36,60.03,0.7013,0.6016,0.5867,0.7463,0.7078,67.22,65.06,3,3 Star
S291,112,63,41,22,63,6.73,54.55,0.6508,0.5625,0.7164,0.5944,0.6411,63.26,60.65,3,3 Star
S217,109,99,76,23,99,2.06,62.87,0.7677,0.9083,0.8777,1,0.789,85.14,78.46,4,4 Star
S321,76,42,30,12,42,6.2,57.32,0.7143,0.5526,0.7354,0.6452,0.7592,68.37,65.06,3,3 Star
S401,41,18,9,9,18,11.24,43.02,0.5,0.439,0.5332,0.3559,0.3795,44.71,44.2,2,2 Star
S014,97,91,81,10,91,0.64,85.96,0.8901,0.9381,0.8932,1,0.9553,92.97,90.87,5,5 Star
S380,26,9,4,5,9,11.02,33.59,0.4444,0.3462,0.3541,0.363,0.5824,42.66,39.94,1,1 Star
S384,32,11,5,6,11,6.8,27.28,0.4545,0.3438,0.4065,0.5882,0.52,45.83,40.26,2,2 Star
S435,92,45,22,23,45,7.13,42.51,0.4889,0.4891,0.597,0.561,0.5704,53.23,50.01,2,2 Star
S480,13,3,1,2,3,10.12,0.27,0.3333,0.2308,0.1757,0.3953,0.3415,30.01,21.09,1,1 Star
S172,83,64,55,9,64,5.23,67.35,0.8594,0.7711,0.7902,0.7648,0.7563,79.66,75.97,4,4 Star
S168,105,93,84,9,93,3.48,64.44,0.9032,0.8857,0.9032,1,0.7303,87.96,80.9,4,4 Star
S276,44,33,19,14,33,7.03,61.63,0.5758,0.75,0.5904,0.569,0.7615,64.89,63.91,3,3 Star
S144,121,110,85,25,110,5.05,65.29,0.7727,0.9091,0.8808,0.7921,0.8137,82.73,77.5,4,4 Star
S461,41,15,5,10,15,19.49,1.04,0.3333,0.3659,0.2861,0.2052,0.1361,27.41,19.5,1,1 Star
S456,35,8,2,6,8,11.28,23.55,0.25,0.2286,0.2632,0.3546,0.1555,24.45,24.18,1,1 Star
S078,152,145,129,16,145,1.79,86.67,0.8897,0.9539,0.984,1,0.9018,93.57,91.5,5,5 Star
S164,143,121,105,16,121,4.52,76.04,0.8678,0.8462,0.763,0.885,0.8103,83.88,81.53,4,4 Star
S159,155,113,91,22,113,3.27,72.52,0.8053,0.729,0.8387,1,0.8104,82.53,79.53,4,4 Star
S295,50,35,24,11,35,5.66,53.68,0.6857,0.7,0.7003,0.7067,0.63,68.28,63.9,3,3 Star
S432,32,13,5,8,13,9.2,49.35,0.3846,0.4062,0.5478,0.4348,0.5343,45.09,46.37,2,2 Star
S203,106,90,69,21,90,3.55,62.87,0.7667,0.8491,0.777,1,0.8697,84.03,77.68,4,4 Star
S310,64,49,28,21,49,7.5,45.35,0.5714,0.7656,0.6602,0.5333,0.6058,62.47,57.33,3,3 Star
S258,117,88,51,37,88,7.23,55.51,0.5795,0.7521,0.6233,0.5533,0.6404,62.88,60.67,3,3 Star
S001,83,80,72,8,80,0.92,92.07,0.9,0.9639,0.8923,1,0.9689,94.04,93.45,5,5 Star
S019,99,91,81,10,91,3.36,91.4,0.8901,0.9192,0.9907,1,0.9902,94.75,93.75,5,5 Star
S212,92,70,52,18,70,5.29,63.58,0.7429,0.7609,0.8418,0.7561,0.8047,77.57,73.37,4,4 Star
S273,82,58,33,25,58,6.58,47.3,0.569,0.7073,0.5512,0.6079,0.6766,62.13,57.68,3,3 Star
S053,181,178,161,17,178,2.48,84.71,0.9045,0.9834,0.9278,1,0.9134,93.99,91.21,5,5 Star
S481,50,14,3,11,14,15.27,9.16,0.2143,0.28,0.2046,0.262,0.1756,22.54,18.53,1,1 Star
S396,71,26,12,14,26,9.7,35.59,0.4615,0.3662,0.4194,0.4124,0.4275,42.2,40.22,2,2 Star
S483,58,12,3,9,12,18.53,28.99,0.25,0.2069,0.1895,0.2159,0.1324,20.37,22.96,1,1 Star
S162,70,54,40,14,54,2.44,70.87,0.7407,0.7714,0.8449,1,0.8371,82.06,78.7,4,4 Star
S229,70,51,32,19,51,5.03,47.9,0.6275,0.7286,0.6805,0.7952,0.6892,69.32,62.89,3,3 Star
S256,90,57,44,13,57,5.73,67.43,0.7719,0.6333,0.6341,0.6981,0.5832,67.47,67.46,3,3 Star
S387,38,13,6,7,13,9.66,46.86,0.4615,0.3421,0.391,0.4141,0.4378,41.52,43.12,2,2 Star
S230,87,55,39,16,55,5.8,60.62,0.7091,0.6322,0.6718,0.6897,0.6415,67.17,65.2,3,3 Star
S445,25,3,1,2,3,11.24,7.14,0.3333,0.12,0.3127,0.3559,0.2917,28.26,21.92,1,1 Star
S236,57,34,22,12,34,4.94,49.62,0.6471,0.5965,0.6816,0.8097,0.6575,66.86,61.69,3,3 Star
S041,127,116,108,8,116,2.13,97.34,0.931,0.9134,0.9163,1,0.9981,94.9,95.63,5,5 Star
S391,58,23,11,12,23,7.13,25.67,0.4783,0.3966,0.4479,0.561,0.5115,47.64,41.05,2,2 Star
S482,48,12,3,9,12,18.18,14.0,0.25,0.25,0.1022,0.22,0.3998,25.33,21.93,1,1 Star
S194,109,87,68,19,87,4.09,80.36,0.7816,0.7982,0.8778,0.978,0.8495,84.24,83.08,4,4 Star
S473,57,6,2,4,6,10.92,26.02,0.3333,0.1053,0.3129,0.3663,0.221,26.71,26.5,1,1 Star
S260,42,26,18,8,26,7.42,55.92,0.6923,0.619,0.6843,0.5391,0.7333,66.17,63.09,3,3 Star
S368,25,13,5,8,13,7.31,34.17,0.3846,0.52,0.4563,0.5472,0.534,47.67,43.62,2,2 Star
S143,76,66,59,7,66,3.28,65.51,0.8939,0.8684,0.8204,1,0.7745,86.98,80.54,4,4 Star
S392,50,23,8,15,23,9.0,44.6,0.3478,0.46,0.4985,0.4444,0.4821,43.42,43.77,2,2 Star
S124,128,104,81,23,104,4.67,64.97,0.7788,0.8125,0.7954,0.8565,0.9066,82.52,77.25,4,4 Star
S165,103,91,72,19,91,4.55,66.57,0.7912,0.8835,0.7825,0.8791,0.7825,81.98,77.36,4,4 Star
S252,67,45,25,20,45,4.63,67.23,0.5556,0.6716,0.6874,0.8639,0.7439,68.25,67.94,3,3 Star
S379,61,33,14,19,33,9.47,37.37,0.4242,0.541,0.4915,0.4224,0.4713,46.68,43.89,2,2 Star
S486,25,7,2,5,7,19.18,12.12,0.2857,0.28,0.3992,0.2086,0.1778,26.84,22.42,1,1 Star
S254,86,48,26,22,48,5.75,62.57,0.5417,0.5581,0.6334,0.6957,0.6164,59.68,60.55,3,3 Star
S241,130,78,59,19,78,5.58,52.42,0.7564,0.6,0.6153,0.7168,0.5681,66.04,61.95,3,3 Star
S472,10,1,1,0,1,21.54,18.15,1.0,0.1,0.3223,0.1857,0.3278,46.18,37.77,1,1 Star
S081,88,85,81,4,85,2.76,82.93,0.9529,0.9659,0.994,1,0.9039,95.89,92.0,5,5 Star
S006,198,183,173,10,183,2.99,80.75,0.9454,0.9242,0.9542,1,0.9834,95.83,91.31,5,5 Star
S028,125,116,108,8,116,2.69,92.5,0.931,0.928,0.9608,1,0.9981,95.86,94.85,5,5 Star
S286,57,37,24,13,37,7.46,50.08,0.6486,0.6491,0.6359,0.5362,0.7114,64.25,60.0,3,3 Star
S382,40,22,12,10,22,6.56,41.25,0.5455,0.55,0.4401,0.6098,0.3706,50.53,47.75,2,2 Star
S337,81,60,33,27,60,5.16,58.73,0.55,0.7407,0.7292,0.7752,0.7167,68.21,65.37,3,3 Star
S178,86,67,51,16,67,2.48,63.1,0.7612,0.7791,0.7711,1,0.7856,80.7,75.42,4,4 Star
S393,66,38,14,24,38,11.16,49.44,0.3684,0.5758,0.4921,0.3584,0.4414,44.15,45.74,2,2 Star
S128,61,52,41,11,52,4.29,80.21,0.7885,0.8525,0.7509,0.9324,0.8139,82.23,81.62,4,4 Star
S222,64,39,29,10,39,3.69,62.33,0.7436,0.6094,0.7008,1,0.6128,72.26,69.28,3,3 Star
S358,28,13,7,6,13,9.22,31.96,0.5385,0.4643,0.4414,0.4338,0.3993,46.55,42.17,2,2 Star
S405,25,11,4,7,11,6.9,25.31,0.3636,0.44,0.5828,0.5797,0.5644,48.43,41.49,2,2 Star
S266,62,40,26,14,40,5.69,53.67,0.65,0.6452,0.7054,0.703,0.7496,68.52,64.06,3,3 Star
S174,113,91,68,23,91,3.09,66.3,0.7473,0.8053,0.7849,1,0.9083,83.46,78.31,4,4 Star
S479,18,3,1,2,3,10.28,6.75,0.3333,0.1667,0.3341,0.3891,0.3303,30.79,23.58,1,1 Star
S290,114,75,56,19,75,5.28,60.65,0.7467,0.6579,0.5628,0.7576,0.5803,66.97,65.07,3,3 Star
S296,108,69,39,30,69,7.41,49.1,0.5652,0.6389,0.742,0.5398,0.7239,63.44,59.14,3,3 Star
S498,17,5,1,4,5,22.49,1.13,0.2,0.2941,0.3271,0.1779,0.2593,24.64,17.59,1,1 Star
S389,35,17,7,10,17,11.78,28.5,0.4118,0.4857,0.4286,0.3396,0.385,41.29,37.45,1,1 Star
S413,27,16,6,10,16,7.68,37.3,0.375,0.5926,0.361,0.5208,0.4079,44.49,42.33,2,2 Star
S134,138,123,103,20,123,2.84,65.5,0.8374,0.8913,0.9026,1,0.7486,86.46,80.17,4,4 Star
S033,113,112,109,3,112,1.36,99.68,0.9732,0.9912,0.9636,1,0.9677,97.83,98.38,5,5 Star
S357,98,55,25,30,55,8.58,25.73,0.4545,0.5612,0.3511,0.4662,0.4037,45.19,39.35,1,1 Star
S226,94,55,35,20,55,5.29,58.86,0.6364,0.5851,0.7172,0.7561,0.7597,68.09,65.32,3,3 Star
S211,120,103,77,26,103,4.47,67.74,0.7476,0.8583,0.8097,0.8949,0.7211,79.59,76.03,4,4 Star
S394,80,47,25,22,47,6.1,42.07,0.5319,0.5875,0.3669,0.6557,0.4155,51.36,48.57,2,2 Star
S250,60,44,33,11,44,6.38,64.9,0.75,0.7333,0.5937,0.627,0.5866,67.21,66.52,3,3 Star
S325,47,32,22,10,32,3.83,57.71,0.6875,0.6809,0.7444,1,0.6983,74.38,69.38,3,3 Star
S067,134,121,118,3,121,2.59,80.34,0.9752,0.903,0.9357,1,0.9469,95.29,90.81,5,5 Star
S015,134,127,117,10,127,2.29,95.43,0.9213,0.9478,0.9362,1,0.9102,93.84,94.32,5,5 Star
S314,73,49,33,16,49,6.38,48.36,0.6735,0.6712,0.6179,0.627,0.5951,64.2,59.45,3,3 Star
S350,71,42,18,24,42,10.78,39.08,0.4286,0.5915,0.3765,0.3711,0.3747,43.4,42.1,2,2 Star
S444,44,7,1,6,7,23.11,27.63,0.1429,0.1591,0.1422,0.1731,0.3236,18.67,21.36,1,1 Star
S313,80,60,38,22,60,5.16,55.8,0.6333,0.75,0.6794,0.7752,0.6009,67.84,64.23,3,3 Star
S093,110,106,99,7,106,2.77,82.2,0.934,0.9636,0.9629,1,0.9575,95.89,91.78,5,5 Star
S349,30,11,4,7,11,9.99,40.95,0.3636,0.3667,0.3916,0.4004,0.5032,40.19,40.42,2,2 Star
S292,67,45,25,20,45,4.88,63.78,0.5556,0.6716,0.5647,0.8197,0.7786,66.44,65.64,3,3 Star
S248,56,40,26,14,40,3.92,67.43,0.65,0.7143,0.6056,1,0.5782,69.43,68.83,3,3 Star
S303,111,85,63,22,85,7.15,51.33,0.7412,0.7658,0.694,0.5594,0.6483,69.32,63.92,3,3 Star
S446,33,3,1,2,3,19.7,26.6,0.3333,0.0909,0.2051,0.203,0.3361,24.66,25.24,1,1 Star
S420,38,14,5,9,14,8.13,46.41,0.3571,0.3684,0.4784,0.492,0.5193,43.02,44.04,2,2 Star
S082,99,89,83,6,89,0.84,78.45,0.9326,0.899,0.9937,1,0.9358,94.58,89.74,5,5 Star
S031,86,82,77,5,82,0.54,90.11,0.939,0.9535,0.8912,1,0.9704,95.02,93.55,5,5 Star
S477,40,8,1,7,8,22.52,14.24,0.125,0.2,0.3247,0.1776,0.3067,21.42,19.27,1,1 Star
S058,174,167,154,13,167,0.71,98.69,0.9222,0.9598,0.9597,1,0.9196,94.65,95.86,5,5 Star
S086,156,152,148,4,152,2.2,96.71,0.9737,0.9744,0.8849,1,0.9439,95.85,96.11,5,5 Star
S333,63,44,30,14,44,3.84,53.63,0.6818,0.6984,0.6923,1,0.7336,74.48,68.22,3,3 Star
S431,55,20,11,9,20,9.18,47.39,0.55,0.3636,0.5417,0.4357,0.5999,50.43,49.52,2,2 Star
S245,119,82,54,28,82,6.01,58.16,0.6585,0.6891,0.6166,0.6656,0.77,68.17,65.17,3,3 Star
S198,76,64,56,8,64,4.59,68.57,0.875,0.8421,0.8571,0.8715,0.8253,85.53,80.44,4,4 Star
S140,89,74,58,16,74,4.23,77.51,0.7838,0.8315,0.8442,0.9456,0.8556,84.1,82.12,4,4 Star
S372,88,36,17,19,36,7.94,39.25,0.4722,0.4091,0.526,0.5038,0.4223,46.24,44.14,2,2 Star
S205,133,121,98,23,121,2.99,75.57,0.8099,0.9098,0.7964,1,0.8255,85.95,82.84,4,4 Star
S206,85,74,55,19,74,2.88,81.33,0.7432,0.8706,0.8482,1,0.8948,85.33,84.13,4,4 Star
S414,72,37,16,21,37,11.85,46.14,0.4324,0.5139,0.3712,0.3376,0.3739,41.36,42.79,2,2 Star
S094,181,159,145,14,159,1.71,88.8,0.9119,0.8785,0.9092,1,0.9597,92.76,91.57,5,5 Star
S492,12,2,1,1,2,18.17,13.91,0.5,0.1667,0.3833,0.2201,0.1214,29.81,25.04,1,1 Star
S191,117,105,87,18,105,2.66,79.92,0.8286,0.8974,0.841,1,0.8203,86.83,84.76,4,4 Star
S048,199,194,190,4,194,3.2,86.02,0.9794,0.9749,0.9052,1,0.9099,95.66,92.77,5,5 Star
S138,149,116,106,10,116,4.3,73.5,0.9138,0.7785,0.7749,0.9302,0.8332,85.22,81.7,4,4 Star
S425,25,14,5,9,14,11.54,33.29,0.3571,0.56,0.4583,0.3466,0.5311,44.61,41.21,2,2 Star
S225,63,42,26,16,42,3.82,54.9,0.619,0.6667,0.702,1,0.6205,69.84,65.36,3,3 Star
S403,78,37,13,24,37,11.16,26.93,0.3514,0.4744,0.3917,0.3584,0.3893,39.07,35.43,1,1 Star
S169,99,78,65,13,78,2.74,67.75,0.8333,0.7879,0.8513,1,0.7648,83.82,79.0,4,4 Star
S088,161,158,147,11,158,0.96,99.14,0.9304,0.9814,0.9011,1,0.9426,94.91,96.18,5,5 Star
S332,43,29,21,8,29,5.3,62.79,0.7241,0.6744,0.6025,0.7547,0.6772,69.11,67.21,3,3 Star
S428,31,13,4,9,13,7.2,36.98,0.3077,0.4194,0.5712,0.5556,0.4815,44.15,42.0,2,2 Star
S422,37,14,5,9,14,10.69,36.55,0.3571,0.3784,0.4056,0.3742,0.3995,37.97,37.54,1,1 Star
S433,48,23,13,10,23,8.33,44.1,0.5652,0.4792,0.5838,0.4802,0.5979,54.46,51.35,2,2 Star
S024,127,118,111,7,118,0.86,92.78,0.9407,0.9291,0.907,1,0.9206,93.82,93.51,5,5 Star
S049,179,169,166,3,169,3.42,80.26,0.9822,0.9441,0.9699,1,0.9911,97.72,92.48,5,5 Star
S447,8,1,1,0,1,23.57,21.61,1.0,0.125,0.3654,0.1697,0.2479,45.48,38.32,1,1 Star
S219,142,107,93,14,107,3.63,68.77,0.8692,0.7535,0.8591,1,0.8463,85.96,80.8,4,4 Star
S161,67,61,54,7,61,3.49,81.28,0.8852,0.9104,0.7416,1,0.8625,88.14,86.08,5,5 Star
S347,68,25,14,11,25,8.88,35.58,0.56,0.3676,0.4502,0.4505,0.4767,47.2,43.71,2,2 Star
S185,153,139,118,21,139,2.52,68.99,0.8489,0.9085,0.7406,1,0.7712,85.17,80.32,4,4 Star
S149,143,114,85,29,114,5.31,76.02,0.7456,0.7972,0.7809,0.7533,0.8185,77.7,77.2,4,4 Star
S398,28,11,5,6,11,11.72,41.25,0.4545,0.3929,0.4097,0.3413,0.4111,40.98,41.06,2,2 Star
S090,189,171,169,2,171,1.34,83.9,0.9883,0.9048,0.9341,1,0.9701,96.16,92.48,5,5 Star
S475,34,3,1,2,3,12.79,7.48,0.3333,0.0882,0.2105,0.3127,0.2393,24.4,19.32,1,1 Star
S026,122,108,98,10,108,2.51,78.69,0.9074,0.8852,0.9057,1,0.8959,91.43,87.61,5,5 Star
S238,92,68,38,30,68,7.39,57.09,0.5588,0.7391,0.6977,0.5413,0.6535,63.2,61.37,3,3 Star
S136,69,55,43,12,55,4.06,72.93,0.7818,0.7971,0.8478,0.9852,0.8049,82.99,79.97,4,4 Star
S400,37,19,7,12,19,11.72,27.99,0.3684,0.5135,0.4808,0.3413,0.5457,44.57,39.6,1,1 Star
S234,80,56,39,17,56,5.7,60.68,0.6964,0.7,0.6168,0.7018,0.619,67.05,65.14,3,3 Star
S119,80,62,44,18,62,3.43,66.79,0.7097,0.775,0.7649,1,0.8883,81.03,76.76,4,4 Star
S330,57,41,29,12,41,3.81,52.63,0.7073,0.7193,0.7215,1,0.6295,74.02,67.6,3,3 Star
S132,72,58,49,9,58,5.16,74.67,0.8448,0.8056,0.7292,0.7752,0.8792,81.61,79.53,4,4 Star
S451,44,16,4,12,16,16.04,10.14,0.25,0.3636,0.2961,0.2494,0.2822,28.6,23.06,1,1 Star
S378,65,36,19,17,36,8.39,41.6,0.5278,0.5538,0.592,0.4768,0.5562,54.07,50.33,2,2 Star
S371,100,45,22,23,45,10.71,42.77,0.4889,0.45,0.5534,0.3735,0.5514,48.6,46.85,2,2 Star
S039,118,110,109,1,110,3.31,92.78,0.9909,0.9322,0.8811,1,0.9545,95.68,94.81,5,5 Star
S419,40,22,9,13,22,10.23,28.0,0.4091,0.55,0.5008,0.391,0.4038,44.73,39.71,1,1 Star
S047,149,131,121,10,131,2.16,97.89,0.9237,0.8792,0.9316,1,0.885,91.97,93.75,5,5 Star
S077,172,154,144,10,154,0.88,95.56,0.9351,0.8953,0.9547,1,0.8832,92.94,93.73,5,5 Star
S253,76,51,37,14,51,5.22,60.47,0.7255,0.6711,0.753,0.7663,0.7173,72.32,68.76,3,3 Star
S343,60,25,13,12,25,8.95,49.11,0.52,0.4167,0.494,0.4469,0.4106,46.26,47.11,2,2 Star
S294,122,94,59,35,94,7.07,59.76,0.6277,0.7705,0.6532,0.5658,0.7609,67.74,65.35,3,3 Star
S057,112,99,92,7,99,2.06,90.68,0.9293,0.8839,0.9768,1,0.9624,94.46,93.33,5,5 Star
S046,136,128,119,9,128,0.53,81.55,0.9297,0.9412,0.889,1,0.986,94.77,90.8,5,5 Star
S344,70,30,17,13,30,7.2,34.4,0.5667,0.4286,0.5993,0.5556,0.395,50.8,45.88,2,2 Star
S007,170,151,144,7,151,2.82,90.7,0.9536,0.8882,0.9982,1,0.9826,96.0,94.41,5,5 Star
S002,155,144,127,17,144,1.16,90.0,0.8819,0.929,0.9406,1,0.8832,91.81,91.27,5,5 Star
S121,121,110,84,26,110,3.93,70.31,0.7636,0.9091,0.7967,1,0.9044,86.13,81.38,4,4 Star
S170,131,103,89,14,103,4.01,64.16,0.8641,0.7863,0.8814,0.9975,0.889,87.61,80.57,4,4 Star
S247,83,57,35,22,57,6.37,55.68,0.614,0.6867,0.7189,0.6279,0.748,67.32,63.83,3,3 Star
S353,38,16,6,10,16,10.71,27.15,0.375,0.4211,0.4803,0.3735,0.4371,41.22,37.0,1,1 Star
S107,89,80,70,10,80,4.19,63.42,0.875,0.8989,0.8522,0.9547,0.9067,89.47,81.66,4,4 Star
S411,72,25,12,13,25,9.82,28.76,0.48,0.3472,0.5234,0.4073,0.3524,42.35,38.27,1,1 Star
S442,16,3,1,2,3,14.12,17.67,0.3333,0.1875,0.1533,0.2833,0.1005,22.31,20.92,1,1 Star
S021,192,182,161,21,182,2.7,79.27,0.8846,0.9479,0.9779,1,0.9974,95.11,90.36,5,5 Star
S083,127,114,108,6,114,2.74,83.64,0.9474,0.8976,0.8937,1,0.9783,94.35,91.14,5,5 Star
S152,95,69,54,15,69,3.55,80.78,0.7826,0.7263,0.9101,1,0.8911,84.48,83.37,4,4 Star
S210,100,90,79,11,90,4.27,66.49,0.8778,0.9,0.8783,0.9368,0.7475,86.51,80.5,4,4 Star
S361,37,15,6,9,15,6.7,27.12,0.4,0.4054,0.4433,0.597,0.3853,43.42,38.53,1,1 Star
S489,58,17,4,13,17,14.11,25.36,0.2353,0.2931,0.2412,0.2835,0.3223,27.24,26.68,1,1 Star
S104,99,82,60,22,82,5.36,81.8,0.7317,0.8283,0.7398,0.7463,0.8725,78.26,79.32,4,4 Star
S268,78,56,39,17,56,6.26,66.65,0.6964,0.7179,0.6625,0.639,0.6604,67.98,67.58,3,3 Star
S135,92,74,63,11,74,5.15,71.22,0.8514,0.8043,0.8131,0.7767,0.7775,81.02,78.08,4,4 Star
S399,34,15,7,8,15,7.86,48.12,0.4667,0.4412,0.5354,0.5089,0.5352,49.19,48.87,2,2 Star
S103,139,106,87,19,106,3.58,73.92,0.8208,0.7626,0.8085,1,0.892,84.84,81.56,4,4 Star
S312,79,48,32,16,48,5.49,59.92,0.6667,0.6076,0.5727,0.7286,0.7757,67.19,65.01,3,3 Star
S102,132,120,88,32,120,2.87,65.03,0.7333,0.9091,0.8316,1,0.8032,83.72,78.11,4,4 Star
S255,97,70,43,27,70,7.46,53.89,0.6143,0.7216,0.7065,0.5362,0.5773,63.05,60.3,3,3 Star
S055,94,92,83,9,92,2.24,98.66,0.9022,0.9787,0.998,1,0.8846,94.3,95.61,5,5 Star
S402,62,34,14,20,34,6.38,47.5,0.4118,0.5484,0.5281,0.627,0.4942,50.53,49.62,2,2 Star
S059,188,168,165,3,168,2.02,84.91,0.9821,0.8936,0.96,1,0.9191,95.12,92.06,5,5 Star
S145,156,142,126,16,142,4.53,63.51,0.8873,0.9103,0.916,0.883,0.9135,90.08,82.11,4,4 Star
S061,118,109,106,3,109,1.41,91.54,0.9725,0.9237,0.9052,1,0.9743,95.71,94.46,5,5 Star
S317,63,47,31,16,47,6.07,57.57,0.6596,0.746,0.5635,0.659,0.5578,64.2,62.21,3,3 Star
S369,51,21,12,9,21,8.7,41.34,0.5714,0.4118,0.4371,0.4598,0.5542,49.92,47.35,2,2 Star
S262,69,49,33,16,49,4.18,58.3,0.6735,0.7101,0.6947,0.9569,0.6925,73.03,68.61,3,3 Star
S054,178,162,155,7,162,1.7,79.53,0.9568,0.9101,0.9977,1,0.9443,95.76,90.89,5,5 Star
S215,138,109,90,19,109,2.66,70.58,0.8257,0.7899,0.8536,1,0.8247,84.87,80.58,4,4 Star
S071,146,136,123,13,136,1.82,94.85,0.9044,0.9315,0.9656,1,0.9081,93.41,93.84,5,5 Star
S359,82,39,19,20,39,9.58,27.85,0.4872,0.4756,0.5028,0.4175,0.4968,47.87,41.86,2,2 Star
S311,66,42,25,17,42,4.79,58.9,0.5952,0.6364,0.6151,0.8351,0.6572,65.48,63.51,3,3 Star
S319,67,44,27,17,44,5.97,48.47,0.6136,0.6567,0.7034,0.67,0.6918,65.98,60.73,3,3 Star
S139,155,141,127,14,141,4.61,75.72,0.9007,0.9097,0.8866,0.8677,0.9006,89.54,85.39,5,5 Star
S500,42,8,1,7,8,10.64,11.51,0.125,0.1905,0.3845,0.3759,0.2368,23.7,20.04,1,1 Star
S340,120,79,54,25,79,5.33,66.72,0.6835,0.6583,0.5812,0.7505,0.5516,64.68,65.29,3,3 Star
S052,128,126,123,3,126,1.17,93.43,0.9762,0.9844,0.978,1,0.9352,97.35,96.17,5,5 Star
S454,8,1,1,0,1,14.12,14.73,1.0,0.125,0.2986,0.2833,0.2801,46.83,37.2,1,1 Star
S216,127,105,92,13,105,3.78,69.21,0.8762,0.8268,0.7241,1,0.8947,86.58,81.37,4,4 Star
S155,76,66,50,16,66,4.9,68.67,0.7576,0.8684,0.8308,0.8163,0.8373,81.55,77.69,4,4 Star
S005,92,84,77,7,84,1.29,80.04,0.9167,0.913,0.8852,1,0.9351,92.74,88.93,5,5 Star
S323,50,31,19,12,31,5.76,63.28,0.6129,0.62,0.7778,0.6944,0.6019,64.91,64.42,3,3 Star
S494,17,3,1,2,3,22.5,4.52,0.3333,0.1765,0.396,0.1778,0.143,25.0,18.86,1,1 Star
S356,79,32,14,18,32,7.11,35.66,0.4375,0.4051,0.5101,0.5626,0.458,46.48,43.23,2,2 Star
S106,136,110,79,31,110,3.01,71.01,0.7182,0.8088,0.7765,1,0.8919,82.21,78.85,4,4 Star
S079,121,109,100,9,109,2.78,83.72,0.9174,0.9008,0.9255,1,0.9702,93.82,90.79,5,5 Star
S360,78,39,21,18,39,10.24,33.7,0.5385,0.5,0.4244,0.3906,0.5036,48.45,44.02,2,2 Star
S243,114,66,46,20,66,6.38,58.61,0.697,0.5789,0.6892,0.627,0.7438,67.11,64.56,3,3 Star
S130,100,84,75,9,84,3.71,72.67,0.8929,0.84,0.8282,1,0.8435,87.88,83.32,4,4 Star
S281,64,37,27,10,37,7.09,60.51,0.7297,0.5781,0.7402,0.5642,0.6685,66.39,64.63,3,3 Star
S470,55,10,1,9,10,16.88,10.14,0.1,0.1818,0.3089,0.237,0.1295,17.41,15.23,1,1 Star
S195,72,59,47,12,59,2.88,63.32,0.7966,0.8194,0.8903,1,0.9129,86.9,79.83,4,4 Star
S228,126,73,40,33,73,6.89,53.36,0.5479,0.5794,0.706,0.5806,0.6508,60.34,58.25,3,3 Star
S214,123,103,74,29,103,3.8,64.22,0.7184,0.8374,0.7684,1,0.7487,79.8,75.13,4,4 Star
S060,150,134,124,10,134,3.32,93.34,0.9254,0.8933,0.9613,1,0.9883,94.81,94.37,5,5 Star
S354,77,33,14,19,33,10.86,27.44,0.4242,0.4286,0.3788,0.3683,0.5623,43.75,38.86,1,1 Star
S495,16,5,1,4,5,18.83,25.87,0.2,0.3125,0.153,0.2124,0.2903,23.54,24.24,1,1 Star
S011,109,106,103,3,106,1.7,95.07,0.9717,0.9725,0.8879,1,0.9896,96.71,96.22,5,5 Star
S429,89,48,28,20,48,10.69,40.77,0.5833,0.5393,0.4398,0.3742,0.4861,50.22,47.38,2,2 Star
S335,51,28,17,11,28,4.94,53.3,0.6071,0.549,0.612,0.8097,0.5805,62.13,59.48,3,3 Star
S056,124,119,109,10,119,2.32,91.12,0.916,0.9597,0.9414,1,0.9262,94.32,93.36,5,5 Star
S339,48,28,17,11,28,4.7,56.34,0.6071,0.5833,0.73,0.8511,0.6331,66.26,63.28,3,3 Star
S457,28,4,1,3,4,16.16,26.56,0.25,0.1429,0.179,0.2475,0.3511,23.78,24.61,1,1 Star
S305,88,52,35,17,52,4.46,48.43,0.6731,0.5909,0.6018,0.8969,0.7472,69.44,63.14,3,3 Star
S025,109,103,90,13,103,2.62,90.94,0.8738,0.945,0.8871,1,0.8881,91.18,91.11,5,5 Star
S320,102,56,37,19,56,5.15,56.11,0.6607,0.549,0.5538,0.7767,0.7161,65.08,62.39,3,3 Star
S274,92,64,48,16,64,5.4,66.37,0.75,0.6957,0.6996,0.7407,0.7239,72.5,70.66,4,4 Star
S395,27,15,6,9,15,7.72,26.0,0.4,0.5556,0.5282,0.5181,0.5418,49.64,42.55,2,2 Star
S131,147,132,121,11,132,4.61,66.7,0.9167,0.898,0.8068,0.8677,0.7397,85.37,79.77,4,4 Star
S328,80,44,26,18,44,4.08,45.76,0.5909,0.55,0.7388,0.9804,0.7388,69.29,62.23,3,3 Star
S449,33,4,1,3,4,14.13,6.77,0.25,0.1212,0.1956,0.2831,0.3855,24.81,19.4,1,1 Star
S193,91,78,71,7,78,3.83,65.45,0.9103,0.8571,0.842,1,0.7928,87.94,81.19,4,4 Star
S020,142,125,123,2,125,3.14,91.18,0.984,0.8803,0.9798,1,0.9169,95.16,93.97,5,5 Star
S406,73,29,11,18,29,11.5,38.82,0.3793,0.3973,0.43,0.3478,0.5565,42.12,41.13,2,2 Star
S334,50,30,19,11,30,6.64,61.4,0.6333,0.6,0.5855,0.6024,0.6396,61.61,61.55,3,3 Star
S365,72,37,16,21,37,11.04,41.33,0.4324,0.5139,0.4722,0.3623,0.3707,43.18,42.62,2,2 Star
S188,140,109,88,21,109,3.64,68.46,0.8073,0.7786,0.8463,1,0.8793,85.07,80.09,4,4 Star
S064,110,105,95,10,105,1.1,98.94,0.9048,0.9545,0.8829,1,0.9094,92.67,94.55,5,5 Star
S087,88,82,75,7,82,3.05,92.55,0.9146,0.9318,0.9787,1,0.8927,93.61,93.29,5,5 Star
S259,78,53,35,18,53,5.54,59.18,0.6604,0.6795,0.6627,0.722,0.6795,67.76,65.19,3,3 Star
S302,81,48,36,12,48,7.44,62.77,0.75,0.5926,0.6699,0.5376,0.6451,65.37,64.59,3,3 Star
S012,171,156,149,7,156,1.69,90.48,0.9551,0.9123,0.9897,1,0.9351,95.45,93.96,5,5 Star
S376,31,13,6,7,13,10.17,40.84,0.4615,0.4194,0.5693,0.3933,0.4637,45.95,44.42,2,2 Star
S109,136,118,98,20,118,3.01,77.85,0.8305,0.8676,0.7449,1,0.8577,85.59,83.27,4,4 Star
S068,95,88,85,3,88,2.5,98.18,0.9659,0.9263,0.9985,1,0.9515,96.51,97.01,5,5 Star
S373,85,50,25,25,50,6.57,31.68,0.5,0.5882,0.5907,0.6088,0.5464,55.68,48.48,2,2 Star
S115,111,97,80,17,97,3.59,75.25,0.8247,0.8739,0.7829,1,0.7847,84.66,81.84,4,4 Star
S117,126,99,86,13,99,4.19,63.08,0.8687,0.7857,0.872,0.9547,0.7607,84.39,78.0,4,4 Star
S010,114,113,108,5,113,2.17,88.17,0.9558,0.9912,0.9622,1,0.9811,97.55,94.74,5,5 Star
S207,73,62,51,11,62,2.44,73.09,0.8226,0.8493,0.7368,1,0.7521,82.76,79.86,4,4 Star
S416,60,34,15,19,34,10.99,31.52,0.4412,0.5667,0.4316,0.364,0.4632,45.77,41.5,2,2 Star
S471,13,2,1,1,2,20.84,26.07,0.5,0.1538,0.1963,0.1919,0.3186,30.27,29.01,1,1 Star
S465,60,6,1,5,6,18.23,13.74,0.1667,0.1,0.3345,0.2194,0.1338,17.99,16.71,1,1 Star
S085,105,93,89,4,93,2.38,98.71,0.957,0.8857,0.8922,1,0.9727,94.26,95.59,5,5 Star
S097,104,94,88,6,94,2.67,93.18,0.9362,0.9038,0.9972,1,0.943,94.98,94.44,5,5 Star
S385,63,34,20,14,34,8.53,25.23,0.5882,0.5397,0.383,0.4689,0.3677,48.57,41.57,2,2 Star
S184,159,119,97,22,119,2.4,66.43,0.8151,0.7484,0.822,1,0.9012,84.78,79.28,4,4 Star
S251,99,65,40,25,65,3.59,67.91,0.6154,0.6566,0.7674,1,0.6663,71.43,70.37,4,4 Star
S462,16,6,1,5,6,12.97,22.72,0.1667,0.375,0.1578,0.3084,0.1128,21.75,22.04,1,1 Star
S176,137,110,85,25,110,4.64,70.48,0.7727,0.8029,0.7428,0.8621,0.806,79.43,76.75,4,4 Star
S069,194,181,176,5,181,3.18,98.9,0.9724,0.933,0.9312,1,0.9888,96.58,97.28,5,5 Star
S352,84,32,19,13,32,8.9,41.99,0.5938,0.381,0.4239,0.4494,0.5801,50.14,47.7,2,2 Star
S455,6,1,1,0,1,23.68,5.99,1.0,0.1667,0.2421,0.1689,0.1347,42.19,31.33,1,1 Star
S223,95,71,51,20,71,7.08,63.38,0.7183,0.7474,0.6389,0.565,0.774,70.04,68.04,3,3 Star
S173,144,115,86,29,115,4.22,64.87,0.7478,0.7986,0.7261,0.9479,0.8692,80.9,76.09,4,4 Star
S269,75,46,31,15,46,5.67,57.89,0.6739,0.6133,0.756,0.7055,0.6407,67.22,64.42,3,3 Star
S306,99,75,50,25,75,7.37,48.32,0.6667,0.7576,0.6782,0.5427,0.5808,65.08,60.05,3,3 Star
S267,128,78,51,27,78,7.33,60.66,0.6538,0.6094,0.6142,0.5457,0.6187,61.57,61.3,3,3 Star
